<?xml version="1.0" encoding="utf-8"?>
<manifest xmlns="http://bbs.bcb5.com" versionCode="">
    <application setting="false">
        <name><![CDATA[壹佰社区电商]]></name>
        <identifie><![CDATA[yb_tuangou]]></identifie>
        <version><![CDATA[1.0.7]]></version>
        <type><![CDATA[business]]></type>
        <ability><![CDATA[壹佰社区电商]]></ability>
        <description><![CDATA[壹佰社区电商]]></description>
        <author><![CDATA[不错吧源码社区]]></author>
        <url><![CDATA[http://bbs.bcb5.com]]></url>
    </application>
    <platform>
        <supports>
			<item type="wxapp"/>		
        </supports>
    </platform>
    <bindings>
        <page>
            <entry title="主页" do="/yb_tuangou/pages/index/index" state="" direct="" />
        </page>
    </bindings>
    <permissions>
    </permissions>
    <install><![CDATA[install.php]]></install>
    <uninstall><![CDATA[uninstall.php]]></uninstall>
    <upgrade><![CDATA[update.php]]></upgrade>
</manifest>